,Unnamed: 0,origin_x,origin_y,destination_x,destination_y,treq,success,n_itineraries,duration,walkDistance,transfers,transitTime,waitingTime,modes,PT_fare,u_PT
0,0,19.88948,50.01844,19.954224567399343,50.04563548823089,2024-03-28 07:54:33,True,3.0,1560.0,274.98851127159645,0.0,1320.0,2.0,"[['TRAM', 1320, 6352], ['WALK', 238, 274]]",2.386,8.624099649084313
1,1,19.88948,50.01844,19.93419539069741,50.07058544963221,2024-03-28 07:52:19,True,3.0,2149.0,406.6115263073829,0.0,1800.0,2.0,"[['TRAM', 1800, 9003], ['WALK', 347, 406]]",2.8899999999999997,11.5759005701264
2,2,19.88948,50.01844,19.896832819715183,50.02338990498389,2024-03-28 08:05:43,True,3.0,478.0,439.95178946833465,0.0,120.0,2.0,"[['TRAM', 120, 1182], ['WALK', 356, 439]]",1.126,4.126385438565285
3,3,19.88948,50.01844,19.89533266009036,50.08589444983672,2024-03-28 07:49:17,True,3.0,2685.0,398.5561954829719,2.0,2100.0,239.0,"[['TRAM', 780, 5014], ['WALK', 3, 0], ['BUS', 660, 2604], ['BUS', 660, 3952], ['WALK', 343, 398]]",3.2049999999999996,18.052911140317335
4,4,19.88948,50.01844,19.93220916319116,50.05661243642661,2024-03-28 08:03:51,True,3.0,1825.0,391.8127819496347,0.0,1500.0,2.0,"[['TRAM', 1500, 7605], ['WALK', 323, 391]]",2.575,10.124574561372869
5,5,19.88948,50.01844,19.923458794539304,50.05679640240351,2024-03-28 08:07:22,True,3.0,1673.0,729.578067666686,1.0,1080.0,18.0,"[['TRAM', 900, 5468], ['WALK', 164, 215], ['BUS', 180, 839], ['WALK', 411, 514]]",2.134,12.045872061389003
6,6,19.88948,50.01844,19.88011039203673,50.014883949384775,2024-03-28 07:55:29,True,3.0,630.0,550.8478496163209,0.0,180.0,2.0,"[['WALK', 50, 43], ['BUS', 180, 1019], ['WALK', 398, 507]]",1.189,5.046279122761872
7,7,19.88948,50.01844,19.896832819715183,50.02338990498389,2024-03-28 07:47:31,True,3.0,478.0,439.95178946833465,0.0,120.0,2.0,"[['TRAM', 120, 1182], ['WALK', 356, 439]]",1.126,4.126385438565285
8,8,19.88948,50.01844,19.940892831697568,50.03098883384271,2024-03-28 07:54:11,True,3.0,1230.0,478.8799774390601,0.0,840.0,2.0,"[['TRAM', 840, 4303], ['WALK', 388, 478]]",1.882,7.629466535061184
9,9,19.88948,50.01844,19.92604983564809,50.06390840504383,2024-03-28 07:56:32,True,3.0,1654.0,403.04410526179925,1.0,1260.0,78.0,"[['TRAM', 900, 5468], ['WALK', 164, 215], ['BUS', 360, 1728], ['WALK', 152, 187]]",2.323,11.380090614027164
10,10,19.88948,50.01844,19.90664300481499,50.03013095170665,2024-03-28 08:00:33,True,3.0,597.0,478.4387443512949,0.0,180.0,2.0,"[['TRAM', 180, 1596], ['WALK', 415, 478]]",1.189,4.623892675382553
11,11,19.88948,50.01844,19.7630542739841,50.11908686112967,2024-03-28 07:52:49,True,3.0,5334.0,1124.5014285658967,3.0,3540.0,914.0,"[['TRAM', 900, 5468], ['WALK', 164, 215], ['BUS', 1080, 5333], ['BUS', 1140, 8524], ['WALK', 4, 1], ['BUS', 420, 2910], ['WALK', 712, 907]]",4.717,35.3145916666344
12,12,19.88948,50.01844,19.896832819715183,50.02338990498389,2024-03-28 08:07:59,True,3.0,478.0,439.95178946833465,0.0,120.0,2.0,"[['TRAM', 120, 1182], ['WALK', 356, 439]]",1.126,4.126385438565285
13,13,19.88948,50.01844,19.88011039203673,50.014883949384775,2024-03-28 08:01:35,True,3.0,630.0,550.8478496163209,0.0,180.0,2.0,"[['WALK', 50, 43], ['BUS', 180, 1019], ['WALK', 398, 507]]",1.189,5.046279122761872
14,14,19.88948,50.01844,19.983278135376565,50.06646184075096,2024-03-28 07:59:58,True,3.0,2585.0,614.0208796846671,1.0,1980.0,62.0,"[['TRAM', 1080, 6263], ['TRAM', 900, 4052], ['WALK', 543, 613]]",3.079,15.774788464827225
15,15,19.88948,50.01844,19.886275110704297,50.022902472667816,2024-03-28 08:02:54,True,3.0,794.0,952.5506616391419,0.0,0.0,0.0,"[['WALK', 794, 952]]",1.0,6.556545526228328
16,16,19.88948,50.01844,19.952184584477106,50.02572924887218,2024-03-28 07:55:44,True,3.0,1770.0,408.61539097401055,1.0,1140.0,302.0,"[['TRAM', 960, 4663], ['WALK', 60, 75], ['BUS', 180, 1228], ['WALK', 268, 332]]",2.197,12.43458978068173
17,17,19.88948,50.01844,19.941532571499973,50.04104459668561,2024-03-28 07:53:29,True,3.0,1248.0,233.96398495130654,0.0,1020.0,2.0,"[['TRAM', 1020, 5330], ['WALK', 226, 233]]",2.0709999999999997,7.019789912215955
18,18,19.88948,50.01844,19.97507830224864,50.03920911861551,2024-03-28 08:14:35,True,3.0,2266.0,1383.6223157741047,0.0,1140.0,2.0,"[['WALK', 50, 43], ['BUS', 1140, 6366], ['WALK', 1074, 1339]]",2.197,14.272130175348945
19,19,19.88948,50.01844,19.98485702298316,50.08796386842873,2024-03-28 08:08:45,True,3.0,2798.0,545.3515939740691,1.0,2280.0,46.0,"[['WALK', 50, 43], ['BUS', 2040, 12920], ['WALK', 76, 97], ['BUS', 240, 1357], ['WALK', 346, 404]]",3.3939999999999997,16.627217631515403
20,20,19.88948,50.01844,19.916133429658977,50.055493041678496,2024-03-28 07:53:36,True,3.0,2264.0,829.2872556309584,1.0,1320.0,267.0,"[['TRAM', 900, 5468], ['WALK', 35, 43], ['BUS', 420, 1432], ['WALK', 642, 785]]",2.386,15.462508991180592
21,21,19.88948,50.01844,19.93890412112728,50.01410041268387,2024-03-28 07:46:46,True,3.0,1543.0,718.522541344783,0.0,960.0,2.0,"[['TRAM', 960, 5279], ['WALK', 581, 718]]",2.008,9.573381491177901
22,22,19.88948,50.01844,19.952184584477106,50.02572924887218,2024-03-28 08:08:06,True,3.0,1770.0,408.61539097401055,1.0,1140.0,302.0,"[['TRAM', 960, 4663], ['WALK', 60, 75], ['BUS', 180, 1228], ['WALK', 268, 332]]",2.197,12.43458978068173
23,23,19.88948,50.01844,19.886275110704297,50.022902472667816,2024-03-28 07:54:55,True,2.0,794.0,952.5506616391419,0.0,0.0,0.0,"[['WALK', 794, 952]]",1.0,6.556545526228328
24,24,19.88948,50.01844,19.86111742050041,50.00647464250644,2024-03-28 08:05:51,True,3.0,768.0,396.59190976430705,0.0,420.0,2.0,"[['WALK', 199, 201], ['BUS', 420, 2678], ['WALK', 147, 194]]",1.4409999999999998,5.238452806958458
25,25,19.88948,50.01844,19.94190175862364,50.06816719956396,2024-03-28 07:59:37,True,3.0,2085.0,791.6034360845966,0.0,1440.0,2.0,"[['TRAM', 1440, 7785], ['WALK', 643, 791]]",2.512,12.183686710493483
26,26,19.88948,50.01844,19.94190175862364,50.06816719956396,2024-03-28 08:10:25,True,3.0,2085.0,791.6034360845966,0.0,1440.0,2.0,"[['TRAM', 1440, 7785], ['WALK', 643, 791]]",2.512,12.183686710493483
27,27,19.88948,50.01844,20.02102906035636,50.03181192726835,2024-03-28 07:58:22,True,3.0,3227.0,971.9251954813586,1.0,2040.0,422.0,"[['WALK', 50, 43], ['BUS', 1140, 6366], ['BUS', 900, 4355], ['WALK', 715, 928]]",3.142,20.655563640307925
28,28,19.88948,50.01844,19.90970544339953,50.07170128606364,2024-03-28 07:55:52,True,3.0,2109.0,729.3098270618344,1.0,1440.0,78.0,"[['TRAM', 900, 5468], ['WALK', 164, 215], ['BUS', 540, 2641], ['WALK', 427, 514]]",2.512,14.102307324527368
29,29,19.88948,50.01844,19.88011039203673,50.014883949384775,2024-03-28 08:10:47,True,3.0,630.0,550.8478496163209,0.0,180.0,2.0,"[['WALK', 50, 43], ['BUS', 180, 1019], ['WALK', 398, 507]]",1.189,5.046279122761872
30,30,19.88948,50.01844,19.90664300481499,50.03013095170665,2024-03-28 07:45:07,True,3.0,597.0,478.4387443512949,0.0,180.0,2.0,"[['TRAM', 180, 1596], ['WALK', 415, 478]]",1.189,4.623892675382553
31,31,19.88948,50.01844,19.90664300481499,50.03013095170665,2024-03-28 08:13:01,True,3.0,597.0,478.4387443512949,0.0,180.0,2.0,"[['TRAM', 180, 1596], ['WALK', 415, 478]]",1.189,4.623892675382553
32,32,19.88948,50.01844,19.99464691253856,49.9911871093313,2024-03-28 08:12:18,True,3.0,3076.0,656.731751879675,1.0,1980.0,597.0,"[['TRAM', 1380, 7446], ['WALK', 125, 162], ['BUS', 600, 3997], ['WALK', 374, 494]]",3.079,19.768935219298104
33,33,19.88948,50.01844,19.956659023107136,50.05414863642009,2024-03-28 07:54:00,True,3.0,2090.0,783.5397518716081,0.0,1440.0,2.0,"[['TRAM', 1440, 6957], ['WALK', 648, 783]]",2.512,12.136648552584383
34,34,19.88948,50.01844,19.91598359430625,50.031339474266346,2024-03-28 07:49:37,True,3.0,496.0,310.8593759349974,0.0,240.0,2.0,"[['TRAM', 240, 2187], ['WALK', 254, 310]]",1.252,3.9193463596208185
35,35,19.88948,50.01844,19.91598359430625,50.031339474266346,2024-03-28 08:03:04,True,3.0,496.0,310.8593759349974,0.0,240.0,2.0,"[['TRAM', 240, 2187], ['WALK', 254, 310]]",1.252,3.9193463596208185
36,36,19.88948,50.01844,19.90664300481499,50.03013095170665,2024-03-28 07:56:42,True,3.0,597.0,478.4387443512949,0.0,180.0,2.0,"[['TRAM', 180, 1596], ['WALK', 415, 478]]",1.189,4.623892675382553
37,37,19.88948,50.01844,19.900957039209576,50.0195528675999,2024-03-28 08:01:22,True,3.0,400.0,379.8008120212078,0.0,60.0,2.0,"[['TRAM', 60, 671], ['WALK', 338, 379]]",1.063,3.502504736790379
38,38,19.88948,50.01844,19.885304696761647,50.0797397302983,2024-03-28 08:14:06,True,3.0,2647.0,736.4882330684048,1.0,1920.0,78.0,"[['TRAM', 900, 5468], ['WALK', 164, 215], ['BUS', 1020, 4932], ['WALK', 485, 520]]",3.016,16.328181359565697
39,39,19.88948,50.01844,19.952184584477106,50.02572924887218,2024-03-28 07:58:25,True,3.0,1770.0,408.61539097401055,1.0,1140.0,302.0,"[['TRAM', 960, 4663], ['WALK', 60, 75], ['BUS', 180, 1228], ['WALK', 268, 332]]",2.197,12.43458978068173
40,40,19.88948,50.01844,19.952184584477106,50.02572924887218,2024-03-28 07:46:01,True,3.0,1770.0,408.61539097401055,1.0,1140.0,302.0,"[['TRAM', 960, 4663], ['WALK', 60, 75], ['BUS', 180, 1228], ['WALK', 268, 332]]",2.197,12.43458978068173
41,41,19.88948,50.01844,20.02102906035636,50.03181192726835,2024-03-28 07:54:58,True,3.0,3227.0,971.9251954813586,1.0,2040.0,422.0,"[['WALK', 50, 43], ['BUS', 1140, 6366], ['BUS', 900, 4355], ['WALK', 715, 928]]",3.142,20.655563640307925
42,42,19.88948,50.01844,19.93849826408901,50.06247416717434,2024-03-28 07:53:56,True,3.0,1848.0,499.54880449282757,0.0,1380.0,2.0,"[['TRAM', 1380, 7293], ['WALK', 466, 498]]",2.449,10.207034692874828
43,43,19.88948,50.01844,19.90664300481499,50.03013095170665,2024-03-28 08:13:23,True,3.0,597.0,478.4387443512949,0.0,180.0,2.0,"[['TRAM', 180, 1596], ['WALK', 415, 478]]",1.189,4.623892675382553
44,44,19.88948,50.01844,20.01850866354412,50.0987676304462,2024-03-28 07:54:01,True,3.0,3085.0,291.1483232992577,1.0,2400.0,422.0,"[['WALK', 50, 43], ['BUS', 2160, 13550], ['BUS', 240, 1130], ['WALK', 213, 247]]",3.52,18.322365219245672
45,45,19.88948,50.01844,19.96285314488492,50.06240333080091,2024-03-28 08:08:51,True,3.0,2152.0,541.516278187058,0.0,1680.0,2.0,"[['TRAM', 1680, 8862], ['WALK', 470, 541]]",2.764,11.816844956091172
46,46,19.88948,50.01844,19.95169697059737,49.98434358424456,2024-03-28 07:55:13,True,3.0,2111.0,721.0257894667213,1.0,1500.0,29.0,"[['WALK', 50, 43], ['BUS', 840, 4602], ['WALK', 93, 120], ['BUS', 660, 3547], ['WALK', 439, 557]]",2.575,13.98398377188921
47,47,19.88948,50.01844,19.90989549802081,50.026607780825934,2024-03-28 08:11:26,True,3.0,692.0,579.2948721643539,0.0,180.0,2.0,"[['TRAM', 180, 1596], ['WALK', 510, 578]]",1.189,5.212220087625398
48,48,19.88948,50.01844,19.86111742050041,50.00647464250644,2024-03-28 07:47:21,True,3.0,768.0,396.59190976430705,0.0,420.0,2.0,"[['WALK', 199, 201], ['BUS', 420, 2678], ['WALK', 147, 194]]",1.4409999999999998,5.238452806958458
49,49,19.88948,50.01844,19.96285314488492,50.06240333080091,2024-03-28 08:02:41,True,3.0,2152.0,541.516278187058,0.0,1680.0,2.0,"[['TRAM', 1680, 8862], ['WALK', 470, 541]]",2.764,11.816844956091172
50,50,19.88948,50.01844,19.971092603205765,50.06354811678362,2024-03-28 07:59:12,True,3.0,2179.0,533.3100827008595,0.0,1740.0,2.0,"[['TRAM', 1740, 9627], ['WALK', 437, 533]]",2.827,12.04197548242168
51,51,19.88948,50.01844,19.90664300481499,50.03013095170665,2024-03-28 08:06:12,True,3.0,597.0,478.4387443512949,0.0,180.0,2.0,"[['TRAM', 180, 1596], ['WALK', 415, 478]]",1.189,4.623892675382553
52,52,19.88948,50.01844,19.96797653053629,50.06896792693728,2024-03-28 08:13:57,True,3.0,2131.0,439.77694735619343,0.0,1740.0,2.0,"[['TRAM', 1740, 9627], ['WALK', 389, 439]]",2.827,11.496365526244462
53,53,19.88948,50.01844,19.96285314488492,50.06240333080091,2024-03-28 07:49:01,True,3.0,2152.0,541.516278187058,0.0,1680.0,2.0,"[['TRAM', 1680, 8862], ['WALK', 470, 541]]",2.764,11.816844956091172
54,54,19.88948,50.01844,19.90664300481499,50.03013095170665,2024-03-28 07:58:51,True,3.0,597.0,478.4387443512949,0.0,180.0,2.0,"[['TRAM', 180, 1596], ['WALK', 415, 478]]",1.189,4.623892675382553
55,55,19.88948,50.01844,19.8904281607904,50.01147754141,2024-03-28 08:07:55,True,3.0,725.0,694.6383984830309,0.0,120.0,2.0,"[['WALK', 50, 43], ['BUS', 120, 842], ['WALK', 553, 650]]",1.126,5.612057324484347
56,56,19.88948,50.01844,19.93849826408901,50.06247416717434,2024-03-28 07:54:53,True,3.0,1848.0,499.54880449282757,0.0,1380.0,2.0,"[['TRAM', 1380, 7293], ['WALK', 466, 498]]",2.449,10.207034692874828
57,57,19.88948,50.01844,19.90664300481499,50.03013095170665,2024-03-28 08:09:56,True,3.0,597.0,478.4387443512949,0.0,180.0,2.0,"[['TRAM', 180, 1596], ['WALK', 415, 478]]",1.189,4.623892675382553
58,58,19.88948,50.01844,19.896832819715183,50.02338990498389,2024-03-28 07:55:49,True,3.0,478.0,439.95178946833465,0.0,120.0,2.0,"[['TRAM', 120, 1182], ['WALK', 356, 439]]",1.126,4.126385438565285
59,59,19.88948,50.01844,19.90664300481499,50.03013095170665,2024-03-28 08:10:10,True,3.0,597.0,478.4387443512949,0.0,180.0,2.0,"[['TRAM', 180, 1596], ['WALK', 415, 478]]",1.189,4.623892675382553
60,60,19.88948,50.01844,19.919769509020625,50.0693415585258,2024-03-28 08:13:50,True,3.0,2138.0,728.9946090179226,1.0,1500.0,60.0,"[['TRAM', 360, 2784], ['WALK', 62, 79], ['BUS', 1140, 4846], ['WALK', 516, 649]]",2.575,14.247468552604548
61,61,19.88948,50.01844,19.896832819715183,50.02338990498389,2024-03-28 07:48:47,True,3.0,478.0,439.95178946833465,0.0,120.0,2.0,"[['TRAM', 120, 1182], ['WALK', 356, 439]]",1.126,4.126385438565285
62,62,19.88948,50.01844,20.07717820802002,50.07277521359188,2024-03-28 08:02:50,,,,,,,,,,
63,63,19.88948,50.01844,19.896832819715183,50.02338990498389,2024-03-28 07:54:18,True,3.0,478.0,439.95178946833465,0.0,120.0,2.0,"[['TRAM', 120, 1182], ['WALK', 356, 439]]",1.126,4.126385438565285
64,64,19.88948,50.01844,19.90664300481499,50.03013095170665,2024-03-28 07:46:55,True,3.0,597.0,478.4387443512949,0.0,180.0,2.0,"[['TRAM', 180, 1596], ['WALK', 415, 478]]",1.189,4.623892675382553
65,65,19.88948,50.01844,19.90664300481499,50.03013095170665,2024-03-28 08:09:29,True,3.0,597.0,478.4387443512949,0.0,180.0,2.0,"[['TRAM', 180, 1596], ['WALK', 415, 478]]",1.189,4.623892675382553
66,66,19.88948,50.01844,19.947149505549167,50.06925456517236,2024-03-28 08:13:52,True,3.0,2038.0,723.0248270602209,0.0,1440.0,2.0,"[['TRAM', 1440, 7785], ['WALK', 596, 722]]",2.512,11.783644824517957
67,67,19.88948,50.01844,19.946976008268063,50.05173995678817,2024-03-28 07:50:35,True,3.0,1582.0,534.8379022375404,0.0,1080.0,2.0,"[['TRAM', 1080, 6263], ['WALK', 500, 534]]",2.134,9.04788776305232
68,68,19.88948,50.01844,19.98485702298316,50.08796386842873,2024-03-28 07:46:29,True,3.0,2905.0,285.53408269601925,1.0,2460.0,172.0,"[['WALK', 50, 43], ['BUS', 2160, 13550], ['WALK', 10, 10], ['BUS', 300, 1743], ['WALK', 213, 231]]",3.5829999999999997,16.812615482393444
69,69,19.88948,50.01844,19.92604983564809,50.06390840504383,2024-03-28 07:48:08,True,3.0,1594.0,403.04410526179925,1.0,1260.0,18.0,"[['TRAM', 900, 5468], ['WALK', 164, 215], ['BUS', 360, 1728], ['WALK', 152, 187]]",2.323,10.960090614027164
70,70,19.88948,50.01844,19.8944574398021,50.00234556464199,2024-03-28 08:05:00,True,3.0,946.0,636.265285705758,0.0,420.0,2.0,"[['WALK', 50, 43], ['BUS', 420, 2517], ['WALK', 474, 592]]",1.4409999999999998,6.636547499950255
71,71,19.88948,50.01844,19.886275110704297,50.022902472667816,2024-03-28 07:51:51,True,2.0,794.0,952.5506616391419,0.0,0.0,0.0,"[['WALK', 794, 952]]",1.0,6.556545526228328
72,72,19.88948,50.01844,20.009776428076712,50.08812336099171,2024-03-28 08:07:19,True,3.0,2715.0,790.7190977318057,0.0,2040.0,2.0,"[['WALK', 50, 43], ['BUS', 2040, 12920], ['WALK', 623, 747]]",3.142,14.908528070102198
73,73,19.88948,50.01844,19.983278135376565,50.06646184075096,2024-03-28 08:08:44,True,3.0,2659.0,781.1604887074299,0.0,1980.0,2.0,"[['TRAM', 1980, 10785], ['WALK', 677, 780]]",3.079,14.579769517460008
74,74,19.88948,50.01844,19.959725282322243,50.07255695080632,2024-03-28 07:48:10,True,3.0,2129.0,329.5356165382358,1.0,1800.0,62.0,"[['TRAM', 1560, 8231], ['TRAM', 240, 1122], ['WALK', 267, 329]]",2.8899999999999997,13.296291096473041
75,75,19.88948,50.01844,19.805617242245603,50.00808953483236,2024-03-28 08:08:36,True,3.0,1484.0,655.3956616472086,0.0,960.0,2.0,"[['WALK', 50, 43], ['BUS', 960, 7343], ['WALK', 472, 611]]",2.008,9.205141359608717
76,76,19.88948,50.01844,19.90664300481499,50.03013095170665,2024-03-28 07:58:41,True,3.0,597.0,478.4387443512949,0.0,180.0,2.0,"[['TRAM', 180, 1596], ['WALK', 415, 478]]",1.189,4.623892675382553
77,77,19.88948,50.01844,19.9824546451532,50.01829105643053,2024-03-28 07:57:17,True,3.0,1843.0,553.7065639024961,1.0,1380.0,2.0,"[['TRAM', 960, 4663], ['WALK', 60, 75], ['BUS', 420, 3878], ['WALK', 401, 477]]",2.449,12.272954956097895
78,78,19.88948,50.01844,19.90664300481499,50.03013095170665,2024-03-28 08:01:56,True,3.0,597.0,478.4387443512949,0.0,180.0,2.0,"[['TRAM', 180, 1596], ['WALK', 415, 478]]",1.189,4.623892675382553
79,79,19.88948,50.01844,19.92727357239912,50.05771632222573,2024-03-28 07:59:06,True,3.0,1606.0,378.6543308227977,1.0,1200.0,87.0,"[['TRAM', 900, 5468], ['WALK', 35, 43], ['BUS', 300, 990], ['WALK', 284, 335]]",2.26,11.027816929799654
80,80,19.88948,50.01844,19.9764711397617,50.00567656636803,2024-03-28 07:55:02,True,3.0,2561.0,698.6030150325596,1.0,1980.0,2.0,"[['TRAM', 960, 4663], ['WALK', 60, 75], ['BUS', 1020, 5403], ['WALK', 519, 622]]",3.079,15.848184254356598
81,81,19.88948,50.01844,19.956659023107136,50.05414863642009,2024-03-28 08:09:08,True,3.0,2090.0,783.5397518716081,0.0,1440.0,2.0,"[['TRAM', 1440, 6957], ['WALK', 648, 783]]",2.512,12.136648552584383
82,82,19.88948,50.01844,19.94209543157297,50.05572405520134,2024-03-28 08:09:26,True,3.0,1437.0,293.5643834569241,0.0,1200.0,2.0,"[['TRAM', 1200, 6619], ['WALK', 235, 293]]",2.26,8.186458903498725
83,83,19.88948,50.01844,20.06400505456663,49.972753688256766,2024-03-28 07:53:41,True,3.0,3798.0,1658.0109172797804,1.0,2340.0,122.0,"[['TRAM', 960, 4663], ['WALK', 60, 75], ['BUS', 1380, 11123], ['WALK', 1276, 1581]]",3.457,23.92273035079872
84,84,19.88948,50.01844,19.913369446744525,50.00420819012255,2024-03-28 08:12:51,True,3.0,1148.0,737.8017142764951,0.0,540.0,2.0,"[['WALK', 50, 43], ['BUS', 540, 3240], ['WALK', 556, 694]]",1.567,7.774843333279555
85,85,19.88948,50.01844,19.971092603205765,50.06354811678362,2024-03-28 07:50:20,True,3.0,2179.0,533.3100827008595,0.0,1740.0,2.0,"[['TRAM', 1740, 9627], ['WALK', 437, 533]]",2.827,12.04197548242168
86,86,19.88948,50.01844,19.914635113529016,50.04779141022027,2024-03-28 07:51:35,True,3.0,1424.0,868.0311052537324,0.0,720.0,2.0,"[['TRAM', 720, 4704], ['WALK', 702, 867]]",1.756,9.353514780646774
87,87,19.88948,50.01844,19.93821113326165,50.05198433658395,2024-03-28 08:05:47,True,3.0,1167.0,227.69127818867133,0.0,960.0,2.0,"[['TRAM', 960, 6019], ['WALK', 205, 227]]",2.008,6.710199122767249
88,88,19.88948,50.01844,19.92588842901963,50.09381953241741,2024-03-28 07:55:10,True,3.0,2884.0,488.99014284561883,0.0,2460.0,2.0,"[['TRAM', 2460, 11996], ['WALK', 422, 488]]",3.5829999999999997,15.059442499932777
89,89,19.88948,50.01844,19.92168228026507,50.02823775641421,2024-03-28 08:09:28,True,3.0,819.0,533.8386766813819,0.0,360.0,2.0,"[['TRAM', 360, 2784], ['WALK', 457, 533]]",1.3780000000000001,5.7660589473080615
90,90,19.88948,50.01844,19.956319315310267,50.06798740392809,2024-03-28 07:55:50,True,3.0,2135.0,537.491330819571,0.0,1680.0,2.0,"[['TRAM', 1680, 8862], ['WALK', 453, 537]]",2.764,11.793366096447498
91,91,19.88948,50.01844,19.8904281607904,50.01147754141,2024-03-28 07:56:54,True,3.0,725.0,694.6383984830309,0.0,120.0,2.0,"[['WALK', 50, 43], ['BUS', 120, 842], ['WALK', 553, 650]]",1.126,5.612057324484347
92,92,19.88948,50.01844,19.925410714188555,50.032779224490085,2024-03-28 07:50:36,True,3.0,735.0,281.9347443529082,0.0,480.0,2.0,"[['TRAM', 480, 3065], ['WALK', 253, 281]]",1.504,4.842619342058631
93,93,19.88948,50.01844,19.86152711303839,50.01791522363754,2024-03-28 07:54:05,True,3.0,1193.0,1205.108714276495,0.0,240.0,2.0,"[['WALK', 50, 43], ['BUS', 240, 1511], ['WALK', 901, 1161]]",1.252,9.135800833279555
94,94,19.88948,50.01844,20.009873824321133,50.034131668100216,2024-03-28 07:48:16,True,3.0,2714.0,383.84640600979725,1.0,1980.0,422.0,"[['WALK', 50, 43], ['BUS', 1140, 6366], ['BUS', 840, 4009], ['WALK', 262, 340]]",3.079,16.95210403505715
95,95,19.88948,50.01844,19.896832819715183,50.02338990498389,2024-03-28 07:56:25,True,3.0,478.0,439.95178946833465,0.0,120.0,2.0,"[['TRAM', 120, 1182], ['WALK', 356, 439]]",1.126,4.126385438565285
96,96,19.88948,50.01844,19.88011039203673,50.014883949384775,2024-03-28 07:48:23,True,3.0,685.0,664.9537368293682,0.0,120.0,2.0,"[['WALK', 199, 201], ['BUS', 120, 943], ['WALK', 364, 462]]",1.126,5.438896798171314
97,97,19.88948,50.01844,19.93822362825267,50.049209082554,2024-03-28 07:51:44,True,3.0,1130.0,186.7574210471971,0.0,960.0,2.0,"[['TRAM', 960, 6019], ['WALK', 168, 186]]",2.008,6.471418289441984
98,98,19.88948,50.01844,19.8904281607904,50.01147754141,2024-03-28 07:59:41,True,3.0,725.0,694.6383984830309,0.0,120.0,2.0,"[['WALK', 50, 43], ['BUS', 120, 842], ['WALK', 553, 650]]",1.126,5.612057324484347
99,99,19.88948,50.01844,19.93562969314135,50.087582303139854,2024-03-28 07:48:41,True,3.0,2613.0,326.64572931873505,0.0,2340.0,2.0,"[['TRAM', 2340, 11379], ['WALK', 271, 326]]",3.457,13.566433421025955
100,100,19.88948,50.01844,20.00319965158005,50.08393502399752,2024-03-28 07:51:15,True,3.0,2715.0,748.7523007318641,0.0,2040.0,2.0,"[['WALK', 50, 43], ['BUS', 2040, 12920], ['WALK', 623, 704]]",3.142,14.663721754269208
101,101,19.88948,50.01844,19.90970544339953,50.07170128606364,2024-03-28 07:48:13,True,3.0,2132.0,772.8616390943354,1.0,1440.0,78.0,"[['TRAM', 900, 5468], ['WALK', 164, 215], ['BUS', 540, 2694], ['WALK', 450, 557]]",2.512,14.356359561383623
102,102,19.88948,50.01844,19.896832819715183,50.02338990498389,2024-03-28 08:12:12,True,3.0,478.0,439.95178946833465,0.0,120.0,2.0,"[['TRAM', 120, 1182], ['WALK', 356, 439]]",1.126,4.126385438565285
103,103,19.88948,50.01844,19.86152711303839,50.01791522363754,2024-03-28 08:09:32,True,3.0,1193.0,1205.108714276495,0.0,240.0,2.0,"[['WALK', 50, 43], ['BUS', 240, 1511], ['WALK', 901, 1161]]",1.252,9.135800833279555
104,104,19.88948,50.01844,19.89025801381177,50.09184543984393,2024-03-28 08:11:42,True,3.0,2819.0,677.9068872130473,2.0,2220.0,60.0,"[['TRAM', 360, 2784], ['WALK', 62, 79], ['BUS', 1140, 4846], ['BUS', 720, 4721], ['WALK', 477, 598]]",3.331,18.97545684207611
105,105,19.88948,50.01844,19.896832819715183,50.02338990498389,2024-03-28 07:52:02,True,3.0,478.0,439.95178946833465,0.0,120.0,2.0,"[['TRAM', 120, 1182], ['WALK', 356, 439]]",1.126,4.126385438565285
106,106,19.88948,50.01844,19.966280112814403,50.03784569637047,2024-03-28 07:48:12,True,3.0,1727.0,683.6964887106566,0.0,1140.0,2.0,"[['WALK', 50, 43], ['BUS', 1140, 6366], ['WALK', 535, 640]]",2.197,10.189229517478832
107,107,19.88948,50.01844,19.98485702298316,50.08796386842873,2024-03-28 07:52:50,True,3.0,2847.0,635.5597443561347,1.0,2280.0,56.0,"[['TRAM', 1680, 8862], ['WALK', 186, 244], ['BUS', 600, 3324], ['WALK', 325, 390]]",3.3939999999999997,17.223431842077453
108,108,19.88948,50.01844,20.01864836410917,50.01189488594205,2024-03-28 07:57:05,True,3.0,2560.0,424.60880450412117,1.0,2160.0,42.0,"[['TRAM', 1680, 9121], ['WALK', 80, 103], ['BUS', 480, 3094], ['WALK', 278, 321]]",3.268,15.348884692940707
109,109,19.88948,50.01844,19.8904281607904,50.01147754141,2024-03-28 07:51:50,True,3.0,725.0,694.6383984830309,0.0,120.0,2.0,"[['WALK', 50, 43], ['BUS', 120, 842], ['WALK', 553, 650]]",1.126,5.612057324484347
110,110,19.88948,50.01844,19.8944574398021,50.00234556464199,2024-03-28 08:11:13,True,3.0,946.0,636.265285705758,0.0,420.0,2.0,"[['WALK', 50, 43], ['BUS', 420, 2517], ['WALK', 474, 592]]",1.4409999999999998,6.636547499950255
111,111,19.88948,50.01844,20.00775520826945,50.09150013954137,2024-03-28 07:57:07,True,3.0,2448.0,313.77314284723224,0.0,2160.0,2.0,"[['WALK', 50, 43], ['BUS', 2160, 13550], ['WALK', 236, 270]]",3.268,12.67234333327552
112,112,19.88948,50.01844,19.97507830224864,50.03920911861551,2024-03-28 08:04:22,True,3.0,2266.0,1383.6223157741047,0.0,1140.0,2.0,"[['WALK', 50, 43], ['BUS', 1140, 6366], ['WALK', 1074, 1339]]",2.197,14.272130175348945
113,113,19.88948,50.01844,19.896832819715183,50.02338990498389,2024-03-28 07:56:49,True,3.0,478.0,439.95178946833465,0.0,120.0,2.0,"[['TRAM', 120, 1182], ['WALK', 356, 439]]",1.126,4.126385438565285
114,114,19.88948,50.01844,19.86517482021967,49.99033788575227,2024-03-28 07:47:51,True,3.0,960.0,124.51618796427199,0.0,840.0,2.0,"[['WALK', 50, 43], ['BUS', 840, 4939], ['WALK', 68, 81]]",1.882,5.562344429791586
115,115,19.88948,50.01844,19.93849826408901,50.06247416717434,2024-03-28 07:59:56,True,3.0,1848.0,499.54880449282757,0.0,1380.0,2.0,"[['TRAM', 1380, 7293], ['WALK', 466, 498]]",2.449,10.207034692874828
116,116,19.88948,50.01844,19.8904281607904,50.01147754141,2024-03-28 08:04:43,True,3.0,725.0,694.6383984830309,0.0,120.0,2.0,"[['WALK', 50, 43], ['BUS', 120, 842], ['WALK', 553, 650]]",1.126,5.612057324484347
117,117,19.88948,50.01844,19.750020781917765,50.04298906178825,2024-03-28 08:07:45,True,3.0,3359.0,1581.146240596785,1.0,1920.0,211.0,"[['TRAM', 720, 4704], ['WALK', 151, 196], ['BUS', 1200, 11205], ['WALK', 1077, 1384]]",3.016,22.186353070147916
118,118,19.88948,50.01844,19.947149505549167,50.06925456517236,2024-03-28 08:04:26,True,3.0,2038.0,723.0248270602209,0.0,1440.0,2.0,"[['TRAM', 1440, 7785], ['WALK', 596, 722]]",2.512,11.783644824517957
119,119,19.88948,50.01844,19.903453043152297,49.986252508501714,2024-03-28 08:13:13,True,3.0,2086.0,108.26745864231023,1.0,1380.0,602.0,"[['WALK', 50, 43], ['BUS', 960, 5534], ['BUS', 420, 2944], ['WALK', 54, 64]]",2.449,13.874560175413476
120,120,19.88948,50.01844,19.940892831697568,50.03098883384271,2024-03-28 07:59:41,True,3.0,1230.0,478.8799774390601,0.0,840.0,2.0,"[['TRAM', 840, 4303], ['WALK', 388, 478]]",1.882,7.629466535061184
121,121,19.88948,50.01844,19.90664300481499,50.03013095170665,2024-03-28 07:58:47,True,3.0,597.0,478.4387443512949,0.0,180.0,2.0,"[['TRAM', 180, 1596], ['WALK', 415, 478]]",1.189,4.623892675382553
122,122,19.88948,50.01844,19.8904281607904,50.01147754141,2024-03-28 08:14:45,True,3.0,725.0,694.6383984830309,0.0,120.0,2.0,"[['WALK', 50, 43], ['BUS', 120, 842], ['WALK', 553, 650]]",1.126,5.612057324484347
123,123,19.88948,50.01844,19.8904281607904,50.01147754141,2024-03-28 08:00:54,True,3.0,725.0,694.6383984830309,0.0,120.0,2.0,"[['WALK', 50, 43], ['BUS', 120, 842], ['WALK', 553, 650]]",1.126,5.612057324484347
124,124,19.88948,50.01844,19.940467095465014,50.04841888952842,2024-03-28 08:06:06,True,3.0,1530.0,524.2580826960192,0.0,1080.0,2.0,"[['TRAM', 1080, 6263], ['WALK', 448, 523]]",2.134,8.986172149060113
125,125,19.88948,50.01844,19.86152711303839,50.01791522363754,2024-03-28 07:45:18,True,3.0,1193.0,1205.108714276495,0.0,240.0,2.0,"[['WALK', 50, 43], ['BUS', 240, 1511], ['WALK', 901, 1161]]",1.252,9.135800833279555
126,126,19.88948,50.01844,19.903453043152297,49.986252508501714,2024-03-28 08:10:21,True,3.0,2086.0,108.26745864231023,1.0,1380.0,602.0,"[['WALK', 50, 43], ['BUS', 960, 5534], ['BUS', 420, 2944], ['WALK', 54, 64]]",2.449,13.874560175413476
127,127,19.88948,50.01844,20.02368742428604,50.07018381819872,2024-03-28 08:03:43,True,3.0,2913.0,810.4642481041915,1.0,1980.0,242.0,"[['WALK', 50, 43], ['BUS', 1560, 10225], ['BUS', 420, 2317], ['WALK', 641, 766]]",3.079,18.18070811394112
128,128,19.88948,50.01844,19.85070241837846,50.030662414247296,2024-03-28 07:52:04,True,3.0,962.0,670.4044962325834,0.0,420.0,2.0,"[['WALK', 50, 43], ['BUS', 420, 3049], ['WALK', 490, 626]]",1.4409999999999998,6.8356928946900695
129,129,19.88948,50.01844,19.900957039209576,50.0195528675999,2024-03-28 07:58:40,True,3.0,400.0,379.8008120212078,0.0,60.0,2.0,"[['TRAM', 60, 671], ['WALK', 338, 379]]",1.063,3.502504736790379
130,130,19.88948,50.01844,20.062020761490665,50.09881658491011,2024-03-28 07:58:27,True,3.0,3545.0,481.5222180326183,2.0,2700.0,424.0,"[['WALK', 50, 43], ['BUS', 1620, 10631], ['WALK', 62, 79], ['TRAM', 720, 3804], ['WALK', 56, 71], ['BUS', 360, 2075], ['WALK', 253, 287]]",3.8349999999999995,22.561879605190274
131,131,19.88948,50.01844,19.86111742050041,50.00647464250644,2024-03-28 07:58:05,True,3.0,768.0,396.59190976430705,0.0,420.0,2.0,"[['WALK', 199, 201], ['BUS', 420, 2678], ['WALK', 147, 194]]",1.4409999999999998,5.238452806958458
132,132,19.88948,50.01844,19.896832819715183,50.02338990498389,2024-03-28 08:07:43,True,3.0,478.0,439.95178946833465,0.0,120.0,2.0,"[['TRAM', 120, 1182], ['WALK', 356, 439]]",1.126,4.126385438565285
133,133,19.88948,50.01844,19.97079591096029,50.02918125111447,2024-03-28 07:49:13,True,3.0,1803.0,573.9392556309583,1.0,1320.0,2.0,"[['TRAM', 960, 4663], ['WALK', 60, 75], ['BUS', 360, 2136], ['WALK', 421, 497]]",2.386,12.117978991180589
134,134,19.88948,50.01844,19.952184584477106,50.02572924887218,2024-03-28 07:56:57,True,3.0,1770.0,408.61539097401055,1.0,1140.0,302.0,"[['TRAM', 960, 4663], ['WALK', 60, 75], ['BUS', 180, 1228], ['WALK', 268, 332]]",2.197,12.43458978068173
135,135,19.88948,50.01844,19.896832819715183,50.02338990498389,2024-03-28 08:07:59,True,3.0,478.0,439.95178946833465,0.0,120.0,2.0,"[['TRAM', 120, 1182], ['WALK', 356, 439]]",1.126,4.126385438565285
136,136,19.88948,50.01844,19.931234427840387,50.01286261264468,2024-03-28 08:13:00,True,3.0,1530.0,577.8906541236687,1.0,960.0,62.0,"[['TRAM', 780, 4444], ['TRAM', 180, 928], ['WALK', 508, 577]]",2.008,10.923028815721402
137,137,19.88948,50.01844,19.86517482021967,49.99033788575227,2024-03-28 07:54:25,True,3.0,960.0,124.51618796427199,0.0,840.0,2.0,"[['WALK', 50, 43], ['BUS', 840, 4939], ['WALK', 68, 81]]",1.882,5.562344429791586
138,138,19.88948,50.01844,20.01834513593119,50.08950864979395,2024-03-28 08:12:27,True,3.0,3209.0,296.72833081957106,0.0,2940.0,2.0,"[['TRAM', 2940, 15427], ['WALK', 267, 296]]",4.087,16.121915263114165
139,139,19.88948,50.01844,19.91457495172714,50.024170039479344,2024-03-28 07:48:53,True,3.0,952.0,850.6867368309817,0.0,240.0,2.0,"[['TRAM', 240, 2187], ['WALK', 710, 850]]",1.252,7.068339298180726
140,140,19.88948,50.01844,19.990277738499344,50.02297779997344,2024-03-28 08:03:47,True,3.0,1916.0,652.7330827008593,1.0,1380.0,2.0,"[['TRAM', 960, 4663], ['WALK', 60, 75], ['BUS', 420, 3878], ['WALK', 474, 576]]",2.449,12.850609649088346
141,141,19.88948,50.01844,19.90664300481499,50.03013095170665,2024-03-28 08:07:48,True,3.0,597.0,478.4387443512949,0.0,180.0,2.0,"[['TRAM', 180, 1596], ['WALK', 415, 478]]",1.189,4.623892675382553
142,142,19.88948,50.01844,19.896832819715183,50.02338990498389,2024-03-28 08:05:45,True,3.0,478.0,439.95178946833465,0.0,120.0,2.0,"[['TRAM', 120, 1182], ['WALK', 356, 439]]",1.126,4.126385438565285
143,143,19.88948,50.01844,19.93419539069741,50.07058544963221,2024-03-28 08:04:59,True,3.0,2149.0,406.6115263073829,0.0,1800.0,2.0,"[['TRAM', 1800, 9003], ['WALK', 347, 406]]",2.8899999999999997,11.5759005701264
144,144,19.88948,50.01844,19.93849826408901,50.06247416717434,2024-03-28 07:57:03,True,3.0,1848.0,499.54880449282757,0.0,1380.0,2.0,"[['TRAM', 1380, 7293], ['WALK', 466, 498]]",2.449,10.207034692874828
145,145,19.88948,50.01844,19.983278135376565,50.06646184075096,2024-03-28 08:05:36,True,3.0,2659.0,781.1604887074299,0.0,1980.0,2.0,"[['TRAM', 1980, 10785], ['WALK', 677, 780]]",3.079,14.579769517460008
146,146,19.88948,50.01844,19.923458794539304,50.05679640240351,2024-03-28 08:10:36,True,3.0,1673.0,729.578067666686,1.0,1080.0,18.0,"[['TRAM', 900, 5468], ['WALK', 164, 215], ['BUS', 180, 839], ['WALK', 411, 514]]",2.134,12.045872061389003
147,147,19.88948,50.01844,19.8904281607904,50.01147754141,2024-03-28 07:59:11,True,3.0,725.0,694.6383984830309,0.0,120.0,2.0,"[['WALK', 50, 43], ['BUS', 120, 842], ['WALK', 553, 650]]",1.126,5.612057324484347
148,148,19.88948,50.01844,19.90970544339953,50.07170128606364,2024-03-28 08:12:27,True,3.0,2132.0,772.8616390943354,1.0,1440.0,78.0,"[['TRAM', 900, 5468], ['WALK', 164, 215], ['BUS', 540, 2694], ['WALK', 450, 557]]",2.512,14.356359561383623
149,149,19.88948,50.01844,19.896832819715183,50.02338990498389,2024-03-28 08:09:03,True,3.0,478.0,439.95178946833465,0.0,120.0,2.0,"[['TRAM', 120, 1182], ['WALK', 356, 439]]",1.126,4.126385438565285
150,150,19.88948,50.01844,19.8904281607904,50.01147754141,2024-03-28 07:52:00,True,3.0,725.0,694.6383984830309,0.0,120.0,2.0,"[['WALK', 50, 43], ['BUS', 120, 842], ['WALK', 553, 650]]",1.126,5.612057324484347
151,151,19.88948,50.01844,19.92168228026507,50.02823775641421,2024-03-28 08:06:25,True,3.0,819.0,533.8386766813819,0.0,360.0,2.0,"[['TRAM', 360, 2784], ['WALK', 457, 533]]",1.3780000000000001,5.7660589473080615
152,152,19.88948,50.01844,19.886275110704297,50.022902472667816,2024-03-28 08:07:14,True,3.0,794.0,952.5506616391419,0.0,0.0,0.0,"[['WALK', 794, 952]]",1.0,6.556545526228328
153,153,19.88948,50.01844,19.941532571499973,50.04104459668561,2024-03-28 08:13:41,True,3.0,1248.0,233.96398495130654,0.0,1020.0,2.0,"[['TRAM', 1020, 5330], ['WALK', 226, 233]]",2.0709999999999997,7.019789912215955
154,154,19.88948,50.01844,19.946976008268063,50.05173995678817,2024-03-28 08:09:08,True,3.0,1582.0,534.8379022375404,0.0,1080.0,2.0,"[['TRAM', 1080, 6263], ['WALK', 500, 534]]",2.134,9.04788776305232
155,155,19.88948,50.01844,19.952184584477106,50.02572924887218,2024-03-28 08:04:06,True,3.0,1770.0,408.61539097401055,1.0,1140.0,302.0,"[['TRAM', 960, 4663], ['WALK', 60, 75], ['BUS', 180, 1228], ['WALK', 268, 332]]",2.197,12.43458978068173
156,156,19.88948,50.01844,19.903453043152297,49.986252508501714,2024-03-28 07:55:01,True,3.0,2086.0,108.26745864231023,1.0,1380.0,602.0,"[['WALK', 50, 43], ['BUS', 960, 5534], ['BUS', 420, 2944], ['WALK', 54, 64]]",2.449,13.874560175413476
157,157,19.88948,50.01844,19.95211908164373,50.05600890945578,2024-03-28 08:07:24,True,3.0,2019.0,887.4690225415798,0.0,1260.0,2.0,"[['TRAM', 1260, 6950], ['WALK', 757, 887]]",2.323,11.923902631492549
158,158,19.88948,50.01844,19.896832819715183,50.02338990498389,2024-03-28 08:08:02,True,3.0,478.0,439.95178946833465,0.0,120.0,2.0,"[['TRAM', 120, 1182], ['WALK', 356, 439]]",1.126,4.126385438565285
159,159,19.88948,50.01844,19.93849826408901,50.06247416717434,2024-03-28 07:59:53,True,3.0,1848.0,499.54880449282757,0.0,1380.0,2.0,"[['TRAM', 1380, 7293], ['WALK', 466, 498]]",2.449,10.207034692874828
160,160,19.88948,50.01844,19.90664300481499,50.03013095170665,2024-03-28 07:49:22,True,3.0,597.0,478.4387443512949,0.0,180.0,2.0,"[['TRAM', 180, 1596], ['WALK', 415, 478]]",1.189,4.623892675382553
161,161,19.88948,50.01844,19.951528452088738,50.06393838914402,2024-03-28 07:59:35,True,3.0,1961.0,481.1133082634711,0.0,1560.0,2.0,"[['TRAM', 1560, 8231], ['WALK', 399, 480]]",2.638,10.91849429820358
162,162,19.88948,50.01844,19.86152711303839,50.01791522363754,2024-03-28 07:58:17,True,3.0,1193.0,1205.108714276495,0.0,240.0,2.0,"[['WALK', 50, 43], ['BUS', 240, 1511], ['WALK', 901, 1161]]",1.252,9.135800833279555
163,163,19.88948,50.01844,19.896832819715183,50.02338990498389,2024-03-28 07:48:07,True,3.0,478.0,439.95178946833465,0.0,120.0,2.0,"[['TRAM', 120, 1182], ['WALK', 356, 439]]",1.126,4.126385438565285
164,164,19.88948,50.01844,20.016992903134145,50.08680806509105,2024-03-28 08:01:18,True,3.0,3236.0,474.1083759301574,0.0,2820.0,2.0,"[['TRAM', 2820, 14808], ['WALK', 414, 473]]",3.9610000000000003,16.61063219292592
165,165,19.88948,50.01844,19.93562969314135,50.087582303139854,2024-03-28 08:13:41,True,3.0,2613.0,326.64572931873505,0.0,2340.0,2.0,"[['TRAM', 2340, 11379], ['WALK', 271, 326]]",3.457,13.566433421025955
